<?xml version="1.0" encoding="UTF-8"?>
<!DOCTYPE log4j:configuration PUBLIC
        "-//APACHE//DTD LOG4J 1.2//EN"
        "http://logging.apache.org/log4j/1.2/apidocs/org/apache/log4j/xml/doc-files/log4j.dtd">
<log4j:configuration debug="false">

    <appender name="file" class="org.apache.log4j.FileAppender">
        <param name="file" value="server.log"/>
        <layout class="org.apache.log4j.PatternLayout">
            <param name="ConversionPattern" value="%d{yyyy-MM-dd HH:mm:ss} %-5p %c{1}:%L - %m%n" />
        </layout>
    </appender>

    <root>
        <priority value ="debug"/>
        <appender-ref ref="file"/>
    </root>

</log4j:configuration>
